Categoria;Item;Link
Você;Conta-Corrente;https://sicrediconexao.com.br/conta-corrente-voce/
Você;Cartões;https://sicrediconexao.com.br/cartoes-voce/
Você;Consórcios;https://sicrediconexao.com.br/consorcios-voce/
Você;Crédito;https://www.sicrediconexao.com.br/credito_voce/
Você;Investimentos;https://sicrediconexao.com.br/investimentos-voce/
Você;Pagamentos;https://sicrediconexao.com.br/pagamentos-voce/
Você;Previdência;https://sicrediconexao.com.br/previdencia-voce/
Você;Seguros;https://sicrediconexao.com.br/seguros_voce/
Você;Recebimentos;https://sicrediconexao.com.br/recebimentos-voce/
Você;Câmbio;https://sicrediconexao.com.br/cambio-voce/
Você;Certificado Digital;https://sicrediconexao.com.br/certificado-digital-voce/
Empresa;Conta-Corrente;https://sicrediconexao.com.br/conta-corrente-empresa/
Empresa;Crédito;https://sicrediconexao.com.br/credito-empresa/
Empresa;Cartões;https://sicrediconexao.com.br/cartoes-empresa/
Empresa;Investimentos;https://sicrediconexao.com.br/investimentos-empresa/
Empresa;Recebimentos;https://sicrediconexao.com.br/recebimentos-empresa/
Empresa;Pagamentos;https://sicrediconexao.com.br/pagamentos-empresa/
Empresa;Consórcios;https://sicrediconexao.com.br/consorcios-empresa/
Empresa;Credenciamento;https://sicrediconexao.com.br/credenciamento-empresa/
Empresa;Certificado Digital;https://sicrediconexao.com.br/certificado-digital-empresa/
Empresa;Câmbio e Comércio Exterior;https://sicrediconexao.com.br/cambio-e-comercio-exterior-empresa/
Empresa;Seguros;https://sicrediconexao.com.br/seguros-empresa/
Empresa;Previdência;https://sicrediconexao.com.br/previdencia-empresa/
Empresa;Convênios;https://www.sicrediconexao.com.br/convenios/
Empresa;Inovação;https://www.sicredialtouruguai.com.br/inovacao_empresa/
Agronegócio;Conta-Corrente;https://sicrediconexao.com.br/conta-corrente-agronegocio/
Agronegócio;Crédito;https://sicrediconexao.com.br/credito-agronegocio/
Agronegócio;Cartões;https://sicrediconexao.com.br/cartoes-agronegocio/
Agronegócio;Investimentos;https://sicrediconexao.com.br/investimentos-agronegocio/
Agronegócio;Consórcios;https://sicrediconexao.com.br/consorcios-agronegocio/
Agronegócio;Seguros;https://sicrediconexao.com.br/seguros-agronegocio/
Agronegócio;Plano Safra 24/25;https://www.sicrediconexao.com.br/plano_safra_agronegocio/
